YEAR,VALUE
2023,4.166667
2025,4.166667
2030,4.166667
2035,4.166667
2040,4.166667
2045,4.166667
2050,4.166667
